Scientific Name, numSites, csvLocation, shapefileLocation
Abies alba,880,CSV/mammals/Abies_alba.csv,shapefiles/mammals/Abies_alba.shp
Abies nordmanniana,283,CSV/mammals/Abies_nordmanniana.csv,shapefiles/mammals/Abies_nordmanniana.shp
Acer circinatum,162,CSV/mammals/Acer_circinatum.csv,shapefiles/mammals/Acer_circinatum.shp
Acer negundo,2338,CSV/mammals/Acer_negundo.csv,shapefiles/mammals/Acer_negundo.shp
Acer rubrum,90,CSV/mammals/Acer_rubrum.csv,shapefiles/mammals/Acer_rubrum.shp
Acer saccharinum,635,CSV/mammals/Acer_saccharinum.csv,shapefiles/mammals/Acer_saccharinum.shp
Acer saccharum,3177,CSV/mammals/Acer_saccharum.csv,shapefiles/mammals/Acer_saccharum.shp
Acer ,958,CSV/mammals/Acer_undiff.csv,shapefiles/mammals/Acer_undiff.shp
Aconogonon ochreatum,23,CSV/mammals/Aconogonon_ochreatum.csv,shapefiles/mammals/Aconogonon_ochreatum.shp
Ageratum houstonianum,27,CSV/mammals/Ageratum_houstonianum.csv,shapefiles/mammals/Ageratum_houstonianum.shp
Allionia incarnata,19,CSV/mammals/Allionia_incarnata.csv,shapefiles/mammals/Allionia_incarnata.shp
Alnus (pentaporate),654,CSV/mammals/Alnus_(pentaporate).csv,shapefiles/mammals/Alnus_(pentaporate).shp
Alnus (tetraporate),669,CSV/mammals/Alnus_(tetraporate).csv,shapefiles/mammals/Alnus_(tetraporate).shp
Alnus glutinosa,260,CSV/mammals/Alnus_glutinosa.csv,shapefiles/mammals/Alnus_glutinosa.shp
Alnus incana,1322,CSV/mammals/Alnus_incana.csv,shapefiles/mammals/Alnus_incana.shp
Alnus rubra,813,CSV/mammals/Alnus_rubra.csv,shapefiles/mammals/Alnus_rubra.shp
Alnus ,134,CSV/mammals/Alnus_undiff.csv,shapefiles/mammals/Alnus_undiff.shp
Alnus viridis,208,CSV/mammals/Alnus_viridis.csv,shapefiles/mammals/Alnus_viridis.shp
Amaranthaceae ,4049,CSV/mammals/Amaranthaceae_undiff.csv,shapefiles/mammals/Amaranthaceae_undiff.shp
Amaranthus australis,35,CSV/mammals/Amaranthus_australis.csv,shapefiles/mammals/Amaranthus_australis.shp
Ambrosia artemisiifolia,34,CSV/mammals/Ambrosia_artemisiifolia.csv,shapefiles/mammals/Ambrosia_artemisiifolia.shp
Anacardiaceae ,51,CSV/mammals/Anacardiaceae_undiff.csv,shapefiles/mammals/Anacardiaceae_undiff.shp
Apiaceae ,620,CSV/mammals/Apiaceae_undiff.csv,shapefiles/mammals/Apiaceae_undiff.shp
Arecaceae ,12,CSV/mammals/Arecaceae_undiff.csv,shapefiles/mammals/Arecaceae_undiff.shp
Artemisia herba-alba,24,CSV/mammals/Artemisia_herba-alba.csv,shapefiles/mammals/Artemisia_herba-alba.shp
Artemisia ,269,CSV/mammals/Artemisia_undiff.csv,shapefiles/mammals/Artemisia_undiff.shp
Artemisia vulgaris,20,CSV/mammals/Artemisia_vulgaris.csv,shapefiles/mammals/Artemisia_vulgaris.shp
Asteraceae ,780,CSV/mammals/Asteraceae_undiff.csv,shapefiles/mammals/Asteraceae_undiff.shp
Athyrium alpestre,14,CSV/mammals/Athyrium_alpestre.csv,shapefiles/mammals/Athyrium_alpestre.shp
Athyrium filix-femina,109,CSV/mammals/Athyrium_filix-femina.csv,shapefiles/mammals/Athyrium_filix-femina.shp
Baccharis tola,12,CSV/mammals/Baccharis_tola.csv,shapefiles/mammals/Baccharis_tola.shp
Betulaceae ,843,CSV/mammals/Betulaceae_undiff.csv,shapefiles/mammals/Betulaceae_undiff.shp
Betula costata,289,CSV/mammals/Betula_costata.csv,shapefiles/mammals/Betula_costata.shp
Betula dahurica,276,CSV/mammals/Betula_dahurica.csv,shapefiles/mammals/Betula_dahurica.shp
Betula divaricata,254,CSV/mammals/Betula_divaricata.csv,shapefiles/mammals/Betula_divaricata.shp
Betula ermanii,343,CSV/mammals/Betula_ermanii.csv,shapefiles/mammals/Betula_ermanii.shp
Betula fruticosa,522,CSV/mammals/Betula_fruticosa.csv,shapefiles/mammals/Betula_fruticosa.shp
Betula humilis,69,CSV/mammals/Betula_humilis.csv,shapefiles/mammals/Betula_humilis.shp
Betula pendula,776,CSV/mammals/Betula_pendula.csv,shapefiles/mammals/Betula_pendula.shp
Betula platyphylla,1546,CSV/mammals/Betula_platyphylla.csv,shapefiles/mammals/Betula_platyphylla.shp
Betula pubescens,326,CSV/mammals/Betula_pubescens.csv,shapefiles/mammals/Betula_pubescens.shp
Betula ,130,CSV/mammals/Betula_undiff.csv,shapefiles/mammals/Betula_undiff.shp
Bistorta bistortoides,513,CSV/mammals/Bistorta_bistortoides.csv,shapefiles/mammals/Bistorta_bistortoides.shp
Bistorta officinalis,176,CSV/mammals/Bistorta_officinalis.csv,shapefiles/mammals/Bistorta_officinalis.shp
Blechnum serrulatum,19,CSV/mammals/Blechnum_serrulatum.csv,shapefiles/mammals/Blechnum_serrulatum.shp
Botrychium lunaria,256,CSV/mammals/Botrychium_lunaria.csv,shapefiles/mammals/Botrychium_lunaria.shp
Bouteloua curtipendula,11,CSV/mammals/Bouteloua_curtipendula.csv,shapefiles/mammals/Bouteloua_curtipendula.shp
Brasenia schreberi,584,CSV/mammals/Brasenia_schreberi.csv,shapefiles/mammals/Brasenia_schreberi.shp
Brassicaceae ,1034,CSV/mammals/Brassicaceae_undiff.csv,shapefiles/mammals/Brassicaceae_undiff.shp
Bursera simaruba,35,CSV/mammals/Bursera_simaruba.csv,shapefiles/mammals/Bursera_simaruba.shp
Calla palustris,15,CSV/mammals/Calla_palustris.csv,shapefiles/mammals/Calla_palustris.shp
Calystegia sepium,51,CSV/mammals/Calystegia_sepium.csv,shapefiles/mammals/Calystegia_sepium.shp
Cannabis sativa,23,CSV/mammals/Cannabis_sativa.csv,shapefiles/mammals/Cannabis_sativa.shp
Carpinus betulus,236,CSV/mammals/Carpinus_betulus.csv,shapefiles/mammals/Carpinus_betulus.shp
Carpinus cordata,62,CSV/mammals/Carpinus_cordata.csv,shapefiles/mammals/Carpinus_cordata.shp
Carpinus orientalis,364,CSV/mammals/Carpinus_orientalis.csv,shapefiles/mammals/Carpinus_orientalis.shp
Caryophyllaceae ,430,CSV/mammals/Caryophyllaceae_undiff.csv,shapefiles/mammals/Caryophyllaceae_undiff.shp
Castanea sativa,136,CSV/mammals/Castanea_sativa.csv,shapefiles/mammals/Castanea_sativa.shp
Ceanothus ,32,CSV/mammals/Ceanothus_undiff.csv,shapefiles/mammals/Ceanothus_undiff.shp
Celtis occidentalis,11,CSV/mammals/Celtis_occidentalis.csv,shapefiles/mammals/Celtis_occidentalis.shp
Centaurea cyanus,10,CSV/mammals/Centaurea_cyanus.csv,shapefiles/mammals/Centaurea_cyanus.shp
Centaurea jacea,114,CSV/mammals/Centaurea_jacea.csv,shapefiles/mammals/Centaurea_jacea.shp
Centaurea nigra,158,CSV/mammals/Centaurea_nigra.csv,shapefiles/mammals/Centaurea_nigra.shp
Centaurea solstitialis,15,CSV/mammals/Centaurea_solstitialis.csv,shapefiles/mammals/Centaurea_solstitialis.shp
Cephalanthus occidentalis,52,CSV/mammals/Cephalanthus_occidentalis.csv,shapefiles/mammals/Cephalanthus_occidentalis.shp
Cerealia ,99,CSV/mammals/Cerealia_undiff.csv,shapefiles/mammals/Cerealia_undiff.shp
Cicuta maculata,20,CSV/mammals/Cicuta_maculata.csv,shapefiles/mammals/Cicuta_maculata.shp
Circaea alpina,16,CSV/mammals/Circaea_alpina.csv,shapefiles/mammals/Circaea_alpina.shp
Cladium jamaicense,153,CSV/mammals/Cladium_jamaicense.csv,shapefiles/mammals/Cladium_jamaicense.shp
Claytonia acutifolia,103,CSV/mammals/Claytonia_acutifolia.csv,shapefiles/mammals/Claytonia_acutifolia.shp
Claytonia ,130,CSV/mammals/Claytonia_undiff.csv,shapefiles/mammals/Claytonia_undiff.shp
Coniferae ,219,CSV/mammals/Coniferae_undiff.csv,shapefiles/mammals/Coniferae_undiff.shp
Convolvulus arvensis,42,CSV/mammals/Convolvulus_arvensis.csv,shapefiles/mammals/Convolvulus_arvensis.shp
Cornus canadensis,111,CSV/mammals/Cornus_canadensis.csv,shapefiles/mammals/Cornus_canadensis.shp
Cornus mas,51,CSV/mammals/Cornus_mas.csv,shapefiles/mammals/Cornus_mas.shp
Cornus sanguinea,28,CSV/mammals/Cornus_sanguinea.csv,shapefiles/mammals/Cornus_sanguinea.shp
Cornus sericea,45,CSV/mammals/Cornus_sericea.csv,shapefiles/mammals/Cornus_sericea.shp
Corylus avellana,1055,CSV/mammals/Corylus_avellana.csv,shapefiles/mammals/Corylus_avellana.shp
Cristaria ,13,CSV/mammals/Cristaria_undiff.csv,shapefiles/mammals/Cristaria_undiff.shp
Cryptantha ,11,CSV/mammals/Cryptantha_undiff.csv,shapefiles/mammals/Cryptantha_undiff.shp
Cryptogramma crispa,26,CSV/mammals/Cryptogramma_crispa.csv,shapefiles/mammals/Cryptogramma_crispa.shp
Cupressaceae ,1130,CSV/mammals/Cupressaceae_undiff.csv,shapefiles/mammals/Cupressaceae_undiff.shp
Cyclachaena xanthiifolia,1282,CSV/mammals/Cyclachaena_xanthiifolia.csv,shapefiles/mammals/Cyclachaena_xanthiifolia.shp
Cylindropuntia imbricata,22,CSV/mammals/Cylindropuntia_imbricata.csv,shapefiles/mammals/Cylindropuntia_imbricata.shp
Cyrilla racemiflora,103,CSV/mammals/Cyrilla_racemiflora.csv,shapefiles/mammals/Cyrilla_racemiflora.shp
Dalea candida,349,CSV/mammals/Dalea_candida.csv,shapefiles/mammals/Dalea_candida.shp
Dalea purpurea,618,CSV/mammals/Dalea_purpurea.csv,shapefiles/mammals/Dalea_purpurea.shp
Decodon verticillatus,109,CSV/mammals/Decodon_verticillatus.csv,shapefiles/mammals/Decodon_verticillatus.shp
Diphasiastrum alpinum,50,CSV/mammals/Diphasiastrum_alpinum.csv,shapefiles/mammals/Diphasiastrum_alpinum.shp
Diphasiastrum complanatum,17,CSV/mammals/Diphasiastrum_complanatum.csv,shapefiles/mammals/Diphasiastrum_complanatum.shp
Diphasiastrum tristachyum,28,CSV/mammals/Diphasiastrum_tristachyum.csv,shapefiles/mammals/Diphasiastrum_tristachyum.shp
Drosera rotundifolia,22,CSV/mammals/Drosera_rotundifolia.csv,shapefiles/mammals/Drosera_rotundifolia.shp
Dryopteris carthusiana,100,CSV/mammals/Dryopteris_carthusiana.csv,shapefiles/mammals/Dryopteris_carthusiana.shp
Dryopteris dilatata,101,CSV/mammals/Dryopteris_dilatata.csv,shapefiles/mammals/Dryopteris_dilatata.shp
Dryopteris filix-mas,75,CSV/mammals/Dryopteris_filix-mas.csv,shapefiles/mammals/Dryopteris_filix-mas.shp
Dryopteris fragrans,73,CSV/mammals/Dryopteris_fragrans.csv,shapefiles/mammals/Dryopteris_fragrans.shp
Empetrum nigrum,43,CSV/mammals/Empetrum_nigrum.csv,shapefiles/mammals/Empetrum_nigrum.shp
Ephedra distachya,33,CSV/mammals/Ephedra_distachya.csv,shapefiles/mammals/Ephedra_distachya.shp
Ephedra fragilis,27,CSV/mammals/Ephedra_fragilis.csv,shapefiles/mammals/Ephedra_fragilis.shp
Ephedra nevadensis,158,CSV/mammals/Ephedra_nevadensis.csv,shapefiles/mammals/Ephedra_nevadensis.shp
Ephedra torreyana,254,CSV/mammals/Ephedra_torreyana.csv,shapefiles/mammals/Ephedra_torreyana.shp
Ephedra trifurca,270,CSV/mammals/Ephedra_trifurca.csv,shapefiles/mammals/Ephedra_trifurca.shp
Ephedra ,118,CSV/mammals/Ephedra_undiff.csv,shapefiles/mammals/Ephedra_undiff.shp
Ephedra viridis,489,CSV/mammals/Ephedra_viridis.csv,shapefiles/mammals/Ephedra_viridis.shp
Ericales ,174,CSV/mammals/Ericales_undiff.csv,shapefiles/mammals/Ericales_undiff.shp
Eudicotyledoneae (tricolpate),125,CSV/mammals/Eudicotyledoneae_(tricolpate).csv,shapefiles/mammals/Eudicotyledoneae_(tricolpate).shp
Eudicotyledoneae (tricolporate),259,CSV/mammals/Eudicotyledoneae_(tricolporate).csv,shapefiles/mammals/Eudicotyledoneae_(tricolporate).shp
Euphorbiaceae ,122,CSV/mammals/Euphorbiaceae_undiff.csv,shapefiles/mammals/Euphorbiaceae_undiff.shp
Fagus grandifolia,553,CSV/mammals/Fagus_grandifolia.csv,shapefiles/mammals/Fagus_grandifolia.shp
Fagus orientalis,289,CSV/mammals/Fagus_orientalis.csv,shapefiles/mammals/Fagus_orientalis.shp
Fagus sylvatica,627,CSV/mammals/Fagus_sylvatica.csv,shapefiles/mammals/Fagus_sylvatica.shp
Fouquieria splendens,19,CSV/mammals/Fouquieria_splendens.csv,shapefiles/mammals/Fouquieria_splendens.shp
Fraxinus (tetracolpate),1241,CSV/mammals/Fraxinus_(tetracolpate).csv,shapefiles/mammals/Fraxinus_(tetracolpate).shp
Fraxinus (tricolpate),1626,CSV/mammals/Fraxinus_(tricolpate).csv,shapefiles/mammals/Fraxinus_(tricolpate).shp
Fraxinus americana,313,CSV/mammals/Fraxinus_americana.csv,shapefiles/mammals/Fraxinus_americana.shp
Fraxinus excelsior,168,CSV/mammals/Fraxinus_excelsior.csv,shapefiles/mammals/Fraxinus_excelsior.shp
Fraxinus nigra,1630,CSV/mammals/Fraxinus_nigra.csv,shapefiles/mammals/Fraxinus_nigra.shp
Fraxinus ornus,27,CSV/mammals/Fraxinus_ornus.csv,shapefiles/mammals/Fraxinus_ornus.shp
Fraxinus pennsylvanica,1441,CSV/mammals/Fraxinus_pennsylvanica.csv,shapefiles/mammals/Fraxinus_pennsylvanica.shp
Fraxinus ,3444,CSV/mammals/Fraxinus_undiff.csv,shapefiles/mammals/Fraxinus_undiff.shp
Hedera helix,114,CSV/mammals/Hedera_helix.csv,shapefiles/mammals/Hedera_helix.shp
Hippophae rhamnoides,114,CSV/mammals/Hippophae_rhamnoides.csv,shapefiles/mammals/Hippophae_rhamnoides.shp
Hippuris vulgaris,25,CSV/mammals/Hippuris_vulgaris.csv,shapefiles/mammals/Hippuris_vulgaris.shp
Humulus lupulus,398,CSV/mammals/Humulus_lupulus.csv,shapefiles/mammals/Humulus_lupulus.shp
Huperzia lucidula,237,CSV/mammals/Huperzia_lucidula.csv,shapefiles/mammals/Huperzia_lucidula.shp
Huperzia selago,433,CSV/mammals/Huperzia_selago.csv,shapefiles/mammals/Huperzia_selago.shp
Hypericum perforatum,13,CSV/mammals/Hypericum_perforatum.csv,shapefiles/mammals/Hypericum_perforatum.shp
Hypericum ,43,CSV/mammals/Hypericum_undiff.csv,shapefiles/mammals/Hypericum_undiff.shp
Ilex aquifolium,178,CSV/mammals/Ilex_aquifolium.csv,shapefiles/mammals/Ilex_aquifolium.shp
Iva annua,2846,CSV/mammals/Iva_annua.csv,shapefiles/mammals/Iva_annua.shp
Iva ,77,CSV/mammals/Iva_undiff.csv,shapefiles/mammals/Iva_undiff.shp
Jasione montana,119,CSV/mammals/Jasione_montana.csv,shapefiles/mammals/Jasione_montana.shp
Juglans cinerea,496,CSV/mammals/Juglans_cinerea.csv,shapefiles/mammals/Juglans_cinerea.shp
Juglans nigra,504,CSV/mammals/Juglans_nigra.csv,shapefiles/mammals/Juglans_nigra.shp
Juglans regia,43,CSV/mammals/Juglans_regia.csv,shapefiles/mammals/Juglans_regia.shp
Juglans ,480,CSV/mammals/Juglans_undiff.csv,shapefiles/mammals/Juglans_undiff.shp
Juniperus communis,126,CSV/mammals/Juniperus_communis.csv,shapefiles/mammals/Juniperus_communis.shp
Juniperus sp,37,CSV/mammals/Juniperus_sp.csv,shapefiles/mammals/Juniperus_sp.shp
Lamiaceae ,260,CSV/mammals/Lamiaceae_undiff.csv,shapefiles/mammals/Lamiaceae_undiff.shp
Larix gmelinii,549,CSV/mammals/Larix_gmelinii.csv,shapefiles/mammals/Larix_gmelinii.shp
Larix laricina,477,CSV/mammals/Larix_laricina.csv,shapefiles/mammals/Larix_laricina.shp
Leontice leontopetalum,26,CSV/mammals/Leontice_leontopetalum.csv,shapefiles/mammals/Leontice_leontopetalum.shp
Lepidium sp,11,CSV/mammals/Lepidium_sp.csv,shapefiles/mammals/Lepidium_sp.shp
Liliaceae ,246,CSV/mammals/Liliaceae_undiff.csv,shapefiles/mammals/Liliaceae_undiff.shp
Lilianae ,144,CSV/mammals/Lilianae_undiff.csv,shapefiles/mammals/Lilianae_undiff.shp
Linnaea borealis,25,CSV/mammals/Linnaea_borealis.csv,shapefiles/mammals/Linnaea_borealis.shp
Linum catharticum,24,CSV/mammals/Linum_catharticum.csv,shapefiles/mammals/Linum_catharticum.shp
Linum usitatissimum,41,CSV/mammals/Linum_usitatissimum.csv,shapefiles/mammals/Linum_usitatissimum.shp
Liquidambar styraciflua,117,CSV/mammals/Liquidambar_styraciflua.csv,shapefiles/mammals/Liquidambar_styraciflua.shp
Littorella uniflora,169,CSV/mammals/Littorella_uniflora.csv,shapefiles/mammals/Littorella_uniflora.shp
Lycopodiaceae (foveolate),190,CSV/mammals/Lycopodiaceae_(foveolate).csv,shapefiles/mammals/Lycopodiaceae_(foveolate).shp
Lycopodiaceae ,73,CSV/mammals/Lycopodiaceae_undiff.csv,shapefiles/mammals/Lycopodiaceae_undiff.shp
Lycopodiella inundata,16,CSV/mammals/Lycopodiella_inundata.csv,shapefiles/mammals/Lycopodiella_inundata.shp
Lycopodium annotinum,287,CSV/mammals/Lycopodium_annotinum.csv,shapefiles/mammals/Lycopodium_annotinum.shp
Lycopodium clavatum,158,CSV/mammals/Lycopodium_clavatum.csv,shapefiles/mammals/Lycopodium_clavatum.shp
Lycopodium obscurum,57,CSV/mammals/Lycopodium_obscurum.csv,shapefiles/mammals/Lycopodium_obscurum.shp
Lycopodium ,156,CSV/mammals/Lycopodium_undiff.csv,shapefiles/mammals/Lycopodium_undiff.shp
Lysimachia vulgaris,13,CSV/mammals/Lysimachia_vulgaris.csv,shapefiles/mammals/Lysimachia_vulgaris.shp
Lythrum salicaria,12,CSV/mammals/Lythrum_salicaria.csv,shapefiles/mammals/Lythrum_salicaria.shp
Maclura pomifera,41,CSV/mammals/Maclura_pomifera.csv,shapefiles/mammals/Maclura_pomifera.shp
Mercurialis perennis,17,CSV/mammals/Mercurialis_perennis.csv,shapefiles/mammals/Mercurialis_perennis.shp
Micranthes hieraciifolia,122,CSV/mammals/Micranthes_hieraciifolia.csv,shapefiles/mammals/Micranthes_hieraciifolia.shp
Micranthes stellaris,35,CSV/mammals/Micranthes_stellaris.csv,shapefiles/mammals/Micranthes_stellaris.shp
Mikania scandens,27,CSV/mammals/Mikania_scandens.csv,shapefiles/mammals/Mikania_scandens.shp
Moraceae ,179,CSV/mammals/Moraceae_undiff.csv,shapefiles/mammals/Moraceae_undiff.shp
Morus rubra,47,CSV/mammals/Morus_rubra.csv,shapefiles/mammals/Morus_rubra.shp
Myrica cerifera,57,CSV/mammals/Myrica_cerifera.csv,shapefiles/mammals/Myrica_cerifera.shp
Myriophyllum alterniflorum,62,CSV/mammals/Myriophyllum_alterniflorum.csv,shapefiles/mammals/Myriophyllum_alterniflorum.shp
Myriophyllum spicatum,96,CSV/mammals/Myriophyllum_spicatum.csv,shapefiles/mammals/Myriophyllum_spicatum.shp
Myriophyllum ,52,CSV/mammals/Myriophyllum_undiff.csv,shapefiles/mammals/Myriophyllum_undiff.shp
Myrtaceae ,40,CSV/mammals/Myrtaceae_undiff.csv,shapefiles/mammals/Myrtaceae_undiff.shp
Nassella pubiflora,16,CSV/mammals/Nassella_pubiflora.csv,shapefiles/mammals/Nassella_pubiflora.shp
Nothofagus dombeyi,237,CSV/mammals/Nothofagus_dombeyi.csv,shapefiles/mammals/Nothofagus_dombeyi.shp
Nothofagus obliqua,69,CSV/mammals/Nothofagus_obliqua.csv,shapefiles/mammals/Nothofagus_obliqua.shp
Nymphaeaceae ,24,CSV/mammals/Nymphaeaceae_undiff.csv,shapefiles/mammals/Nymphaeaceae_undiff.shp
Nymphaea odorata,27,CSV/mammals/Nymphaea_odorata.csv,shapefiles/mammals/Nymphaea_odorata.shp
Onagraceae ,30,CSV/mammals/Onagraceae_undiff.csv,shapefiles/mammals/Onagraceae_undiff.shp
Ophioglossum vulgatum,44,CSV/mammals/Ophioglossum_vulgatum.csv,shapefiles/mammals/Ophioglossum_vulgatum.shp
Osmunda regalis,612,CSV/mammals/Osmunda_regalis.csv,shapefiles/mammals/Osmunda_regalis.shp
Oxyria digyna,1150,CSV/mammals/Oxyria_digyna.csv,shapefiles/mammals/Oxyria_digyna.shp
Parnassia palustris,28,CSV/mammals/Parnassia_palustris.csv,shapefiles/mammals/Parnassia_palustris.shp
Pedicularis langsdorffii,48,CSV/mammals/Pedicularis_langsdorffii.csv,shapefiles/mammals/Pedicularis_langsdorffii.shp
Persicaria amphibia,210,CSV/mammals/Persicaria_amphibia.csv,shapefiles/mammals/Persicaria_amphibia.shp
Persicaria lapathifolia,132,CSV/mammals/Persicaria_lapathifolia.csv,shapefiles/mammals/Persicaria_lapathifolia.shp
Persicaria maculosa,229,CSV/mammals/Persicaria_maculosa.csv,shapefiles/mammals/Persicaria_maculosa.shp
Phacelia sp,14,CSV/mammals/Phacelia_sp.csv,shapefiles/mammals/Phacelia_sp.shp
Physalis sp,11,CSV/mammals/Physalis_sp.csv,shapefiles/mammals/Physalis_sp.shp
Picea abies,743,CSV/mammals/Picea_abies.csv,shapefiles/mammals/Picea_abies.shp
Picea glauca,670,CSV/mammals/Picea_glauca.csv,shapefiles/mammals/Picea_glauca.shp
Picea mariana,377,CSV/mammals/Picea_mariana.csv,shapefiles/mammals/Picea_mariana.shp
Picea orientalis,257,CSV/mammals/Picea_orientalis.csv,shapefiles/mammals/Picea_orientalis.shp
Picea ,84,CSV/mammals/Picea_undiff.csv,shapefiles/mammals/Picea_undiff.shp
Pinaceae ,820,CSV/mammals/Pinaceae_undiff.csv,shapefiles/mammals/Pinaceae_undiff.shp
Pinus albicaulis,495,CSV/mammals/Pinus_albicaulis.csv,shapefiles/mammals/Pinus_albicaulis.shp
Pinus banksiana,351,CSV/mammals/Pinus_banksiana.csv,shapefiles/mammals/Pinus_banksiana.shp
Pinus cembra,241,CSV/mammals/Pinus_cembra.csv,shapefiles/mammals/Pinus_cembra.shp
Pinus contorta,1813,CSV/mammals/Pinus_contorta.csv,shapefiles/mammals/Pinus_contorta.shp
Pinus edulis,296,CSV/mammals/Pinus_edulis.csv,shapefiles/mammals/Pinus_edulis.shp
Pinus koraiensis,494,CSV/mammals/Pinus_koraiensis.csv,shapefiles/mammals/Pinus_koraiensis.shp
Pinus pumila,12,CSV/mammals/Pinus_pumila.csv,shapefiles/mammals/Pinus_pumila.shp
Pinus sibirica,851,CSV/mammals/Pinus_sibirica.csv,shapefiles/mammals/Pinus_sibirica.shp
Pinus strobus,357,CSV/mammals/Pinus_strobus.csv,shapefiles/mammals/Pinus_strobus.shp
Pinus sylvestris,2575,CSV/mammals/Pinus_sylvestris.csv,shapefiles/mammals/Pinus_sylvestris.shp
Pinus ,159,CSV/mammals/Pinus_undiff.csv,shapefiles/mammals/Pinus_undiff.shp
Planera aquatica,142,CSV/mammals/Planera_aquatica.csv,shapefiles/mammals/Planera_aquatica.shp
Plantaginaceae ,57,CSV/mammals/Plantaginaceae_undiff.csv,shapefiles/mammals/Plantaginaceae_undiff.shp
Plantago coronopus,13,CSV/mammals/Plantago_coronopus.csv,shapefiles/mammals/Plantago_coronopus.shp
Plantago lanceolata,26,CSV/mammals/Plantago_lanceolata.csv,shapefiles/mammals/Plantago_lanceolata.shp
Plantago major,45,CSV/mammals/Plantago_major.csv,shapefiles/mammals/Plantago_major.shp
Plantago maritima,151,CSV/mammals/Plantago_maritima.csv,shapefiles/mammals/Plantago_maritima.shp
Plantago media,13,CSV/mammals/Plantago_media.csv,shapefiles/mammals/Plantago_media.shp
Plantago ,31,CSV/mammals/Plantago_undiff.csv,shapefiles/mammals/Plantago_undiff.shp
Platanus occidentalis,21,CSV/mammals/Platanus_occidentalis.csv,shapefiles/mammals/Platanus_occidentalis.shp
Poaceae ,16,CSV/mammals/Poaceae_undiff.csv,shapefiles/mammals/Poaceae_undiff.shp
Podocarpus nubigenus,117,CSV/mammals/Podocarpus_nubigenus.csv,shapefiles/mammals/Podocarpus_nubigenus.shp
Polemoniaceae ,141,CSV/mammals/Polemoniaceae_undiff.csv,shapefiles/mammals/Polemoniaceae_undiff.shp
Polygonaceae ,42,CSV/mammals/Polygonaceae_undiff.csv,shapefiles/mammals/Polygonaceae_undiff.shp
Polygonum aviculare,71,CSV/mammals/Polygonum_aviculare.csv,shapefiles/mammals/Polygonum_aviculare.shp
Polygonum californicum,101,CSV/mammals/Polygonum_californicum.csv,shapefiles/mammals/Polygonum_californicum.shp
Polygonum ramosissimum,33,CSV/mammals/Polygonum_ramosissimum.csv,shapefiles/mammals/Polygonum_ramosissimum.shp
Polygonum ,129,CSV/mammals/Polygonum_undiff.csv,shapefiles/mammals/Polygonum_undiff.shp
Polypodiophyta (monolete),666,CSV/mammals/Polypodiophyta_(monolete).csv,shapefiles/mammals/Polypodiophyta_(monolete).shp
Polypodiophyta (trilete),520,CSV/mammals/Polypodiophyta_(trilete).csv,shapefiles/mammals/Polypodiophyta_(trilete).shp
Polypodiophyta ,347,CSV/mammals/Polypodiophyta_undiff.csv,shapefiles/mammals/Polypodiophyta_undiff.shp
Populus balsamifera,223,CSV/mammals/Populus_balsamifera.csv,shapefiles/mammals/Populus_balsamifera.shp
Populus tremula,66,CSV/mammals/Populus_tremula.csv,shapefiles/mammals/Populus_tremula.shp
Populus tremuloides,89,CSV/mammals/Populus_tremuloides.csv,shapefiles/mammals/Populus_tremuloides.shp
Populus ,168,CSV/mammals/Populus_undiff.csv,shapefiles/mammals/Populus_undiff.shp
Potentilla palustris,69,CSV/mammals/Potentilla_palustris.csv,shapefiles/mammals/Potentilla_palustris.shp
Pseudotsuga menziesii,457,CSV/mammals/Pseudotsuga_menziesii.csv,shapefiles/mammals/Pseudotsuga_menziesii.shp
Pteridium aquilinum,64,CSV/mammals/Pteridium_aquilinum.csv,shapefiles/mammals/Pteridium_aquilinum.shp
Pteridophyta ,595,CSV/mammals/Pteridophyta_undiff.csv,shapefiles/mammals/Pteridophyta_undiff.shp
Quercus coccifera,19,CSV/mammals/Quercus_coccifera.csv,shapefiles/mammals/Quercus_coccifera.shp
Quercus ilex,708,CSV/mammals/Quercus_ilex.csv,shapefiles/mammals/Quercus_ilex.shp
Quercus mongolica,257,CSV/mammals/Quercus_mongolica.csv,shapefiles/mammals/Quercus_mongolica.shp
Quercus robur,159,CSV/mammals/Quercus_robur.csv,shapefiles/mammals/Quercus_robur.shp
Quercus ,615,CSV/mammals/Quercus_undiff.csv,shapefiles/mammals/Quercus_undiff.shp
Ranunculaceae ,12,CSV/mammals/Ranunculaceae_undiff.csv,shapefiles/mammals/Ranunculaceae_undiff.shp
Ranunculus acris,177,CSV/mammals/Ranunculus_acris.csv,shapefiles/mammals/Ranunculus_acris.shp
Ranunculus aquatilis,370,CSV/mammals/Ranunculus_aquatilis.csv,shapefiles/mammals/Ranunculus_aquatilis.shp
Ranunculus flabellaris,14,CSV/mammals/Ranunculus_flabellaris.csv,shapefiles/mammals/Ranunculus_flabellaris.shp
Ranunculus repens,11,CSV/mammals/Ranunculus_repens.csv,shapefiles/mammals/Ranunculus_repens.shp
Ranunculus ,38,CSV/mammals/Ranunculus_undiff.csv,shapefiles/mammals/Ranunculus_undiff.shp
Rhamnaceae ,68,CSV/mammals/Rhamnaceae_undiff.csv,shapefiles/mammals/Rhamnaceae_undiff.shp
Rhamnus cathartica,14,CSV/mammals/Rhamnus_cathartica.csv,shapefiles/mammals/Rhamnus_cathartica.shp
Rhododendron tomentosum,76,CSV/mammals/Rhododendron_tomentosum.csv,shapefiles/mammals/Rhododendron_tomentosum.shp
Rhynchospora alba,60,CSV/mammals/Rhynchospora_alba.csv,shapefiles/mammals/Rhynchospora_alba.shp
Rosaceae ,182,CSV/mammals/Rosaceae_undiff.csv,shapefiles/mammals/Rosaceae_undiff.shp
Rubiaceae ,34,CSV/mammals/Rubiaceae_undiff.csv,shapefiles/mammals/Rubiaceae_undiff.shp
Rubus chamaemorus,35,CSV/mammals/Rubus_chamaemorus.csv,shapefiles/mammals/Rubus_chamaemorus.shp
Rumex acetosa,262,CSV/mammals/Rumex_acetosa.csv,shapefiles/mammals/Rumex_acetosa.shp
Rumex acetosella,52,CSV/mammals/Rumex_acetosella.csv,shapefiles/mammals/Rumex_acetosella.shp
Rumex crispus,26,CSV/mammals/Rumex_crispus.csv,shapefiles/mammals/Rumex_crispus.shp
Rumex obtusifolius,119,CSV/mammals/Rumex_obtusifolius.csv,shapefiles/mammals/Rumex_obtusifolius.shp
Rumex ,706,CSV/mammals/Rumex_undiff.csv,shapefiles/mammals/Rumex_undiff.shp
Ruppia maritima,400,CSV/mammals/Ruppia_maritima.csv,shapefiles/mammals/Ruppia_maritima.shp
Salix caroliniana,27,CSV/mammals/Salix_caroliniana.csv,shapefiles/mammals/Salix_caroliniana.shp
Salsola kali,84,CSV/mammals/Salsola_kali.csv,shapefiles/mammals/Salsola_kali.shp
Sanguisorba minor,35,CSV/mammals/Sanguisorba_minor.csv,shapefiles/mammals/Sanguisorba_minor.shp
Sanguisorba officinalis,83,CSV/mammals/Sanguisorba_officinalis.csv,shapefiles/mammals/Sanguisorba_officinalis.shp
Sarcobatus vermiculatus,1892,CSV/mammals/Sarcobatus_vermiculatus.csv,shapefiles/mammals/Sarcobatus_vermiculatus.shp
Saussurea nuda,65,CSV/mammals/Saussurea_nuda.csv,shapefiles/mammals/Saussurea_nuda.shp
Saxifragaceae ,287,CSV/mammals/Saxifragaceae_undiff.csv,shapefiles/mammals/Saxifragaceae_undiff.shp
Saxifraga cernua,63,CSV/mammals/Saxifraga_cernua.csv,shapefiles/mammals/Saxifraga_cernua.shp
Saxifraga oppositifolia,60,CSV/mammals/Saxifraga_oppositifolia.csv,shapefiles/mammals/Saxifraga_oppositifolia.shp
Saxifraga tricuspidata,143,CSV/mammals/Saxifraga_tricuspidata.csv,shapefiles/mammals/Saxifraga_tricuspidata.shp
Saxifraga ,100,CSV/mammals/Saxifraga_undiff.csv,shapefiles/mammals/Saxifraga_undiff.shp
Schinus terebinthifolius,15,CSV/mammals/Schinus_terebinthifolius.csv,shapefiles/mammals/Schinus_terebinthifolius.shp
Scirpus sp,15,CSV/mammals/Scirpus_sp.csv,shapefiles/mammals/Scirpus_sp.shp
Scleranthus annuus,13,CSV/mammals/Scleranthus_annuus.csv,shapefiles/mammals/Scleranthus_annuus.shp
Scrophulariaceae ,813,CSV/mammals/Scrophulariaceae_undiff.csv,shapefiles/mammals/Scrophulariaceae_undiff.shp
Secale cereale,239,CSV/mammals/Secale_cereale.csv,shapefiles/mammals/Secale_cereale.shp
Shepherdia argentea,316,CSV/mammals/Shepherdia_argentea.csv,shapefiles/mammals/Shepherdia_argentea.shp
Silene dioica,28,CSV/mammals/Silene_dioica.csv,shapefiles/mammals/Silene_dioica.shp
Solanum dulcamara,23,CSV/mammals/Solanum_dulcamara.csv,shapefiles/mammals/Solanum_dulcamara.shp
Sorbus aucuparia,16,CSV/mammals/Sorbus_aucuparia.csv,shapefiles/mammals/Sorbus_aucuparia.shp
Spergula arvensis,15,CSV/mammals/Spergula_arvensis.csv,shapefiles/mammals/Spergula_arvensis.shp
Succisa pratensis,53,CSV/mammals/Succisa_pratensis.csv,shapefiles/mammals/Succisa_pratensis.shp
Taxodium distichum,12,CSV/mammals/Taxodium_distichum.csv,shapefiles/mammals/Taxodium_distichum.shp
Taxus canadensis,38,CSV/mammals/Taxus_canadensis.csv,shapefiles/mammals/Taxus_canadensis.shp
Thelypteris palustris,165,CSV/mammals/Thelypteris_palustris.csv,shapefiles/mammals/Thelypteris_palustris.shp
Tilia americana,273,CSV/mammals/Tilia_americana.csv,shapefiles/mammals/Tilia_americana.shp
Tilia cordata,308,CSV/mammals/Tilia_cordata.csv,shapefiles/mammals/Tilia_cordata.shp
Tilia platyphyllos,177,CSV/mammals/Tilia_platyphyllos.csv,shapefiles/mammals/Tilia_platyphyllos.shp
Trapa natans,26,CSV/mammals/Trapa_natans.csv,shapefiles/mammals/Trapa_natans.shp
Trema micrantha,11,CSV/mammals/Trema_micrantha.csv,shapefiles/mammals/Trema_micrantha.shp
Trifolium repens,85,CSV/mammals/Trifolium_repens.csv,shapefiles/mammals/Trifolium_repens.shp
Tsuga heterophylla,2464,CSV/mammals/Tsuga_heterophylla.csv,shapefiles/mammals/Tsuga_heterophylla.shp
Tsuga mertensiana,2059,CSV/mammals/Tsuga_mertensiana.csv,shapefiles/mammals/Tsuga_mertensiana.shp
Typha (tetrad),163,CSV/mammals/Typha_(tetrad).csv,shapefiles/mammals/Typha_(tetrad).shp
Typha angustifolia,160,CSV/mammals/Typha_angustifolia.csv,shapefiles/mammals/Typha_angustifolia.shp
Typha domingensis,66,CSV/mammals/Typha_domingensis.csv,shapefiles/mammals/Typha_domingensis.shp
Typha latifolia,94,CSV/mammals/Typha_latifolia.csv,shapefiles/mammals/Typha_latifolia.shp
Ulmus minor,166,CSV/mammals/Ulmus_minor.csv,shapefiles/mammals/Ulmus_minor.shp
Urticalean Rosids,283,CSV/mammals/Urticalean_Rosids.csv,shapefiles/mammals/Urticalean_Rosids.shp
Urticales ,218,CSV/mammals/Urticales_undiff.csv,shapefiles/mammals/Urticales_undiff.shp
Valeriana officinalis,44,CSV/mammals/Valeriana_officinalis.csv,shapefiles/mammals/Valeriana_officinalis.shp
Zea mays,67,CSV/mammals/Zea_mays.csv,shapefiles/mammals/Zea_mays.shp
